-- MySQL dump 10.13  Distrib 8.0.40, for Win64 (x86_64)
--
-- Host: localhost    Database: laravel
-- ------------------------------------------------------
-- Server version	9.1.0

/*!40101 SET @OLD_CHARACTER_SET_CLIENT=@@CHARACTER_SET_CLIENT */;
/*!40101 SET @OLD_CHARACTER_SET_RESULTS=@@CHARACTER_SET_RESULTS */;
/*!40101 SET @OLD_COLLATION_CONNECTION=@@COLLATION_CONNECTION */;
/*!50503 SET NAMES utf8 */;
/*!40103 SET @OLD_TIME_ZONE=@@TIME_ZONE */;
/*!40103 SET TIME_ZONE='+00:00' */;
/*!40014 SET @OLD_UNIQUE_CHECKS=@@UNIQUE_CHECKS, UNIQUE_CHECKS=0 */;
/*!40014 SET @OLD_FOREIGN_KEY_CHECKS=@@FOREIGN_KEY_CHECKS, FOREIGN_KEY_CHECKS=0 */;
/*!40101 SET @OLD_SQL_MODE=@@SQL_MODE, SQL_MODE='NO_AUTO_VALUE_ON_ZERO' */;
/*!40111 SET @OLD_SQL_NOTES=@@SQL_NOTES, SQL_NOTES=0 */;

--
-- Table structure for table `appointments`
--

DROP TABLE IF EXISTS `appointments`;
/*!40101 SET @saved_cs_client     = @@character_set_client */;
/*!50503 SET character_set_client = utf8mb4 */;
CREATE TABLE `appointments` (
  `id` bigint unsigned NOT NULL AUTO_INCREMENT,
  `doctor_id` bigint unsigned NOT NULL,
  `name` varchar(255) CHARACTER SET utf8mb4 COLLATE utf8mb4_unicode_ci NOT NULL,
  `email` varchar(255) CHARACTER SET utf8mb4 COLLATE utf8mb4_unicode_ci NOT NULL,
  `phone` varchar(255) CHARACTER SET utf8mb4 COLLATE utf8mb4_unicode_ci NOT NULL,
  `age` int NOT NULL,
  `cccd` varchar(255) CHARACTER SET utf8mb4 COLLATE utf8mb4_unicode_ci NOT NULL,
  `description` text CHARACTER SET utf8mb4 COLLATE utf8mb4_unicode_ci,
  `appointment_date` date NOT NULL,
  `shift` varchar(255) CHARACTER SET utf8mb4 COLLATE utf8mb4_unicode_ci NOT NULL,
  `status` varchar(255) CHARACTER SET utf8mb4 COLLATE utf8mb4_unicode_ci NOT NULL DEFAULT 'pending',
  `created_at` timestamp NULL DEFAULT NULL,
  `updated_at` timestamp NULL DEFAULT NULL,
  PRIMARY KEY (`id`)
) ENGINE=InnoDB AUTO_INCREMENT=52 DEFAULT CHARSET=utf8mb4 COLLATE=utf8mb4_unicode_ci;
/*!40101 SET character_set_client = @saved_cs_client */;

--
-- Dumping data for table `appointments`
--

LOCK TABLES `appointments` WRITE;
/*!40000 ALTER TABLE `appointments` DISABLE KEYS */;
INSERT INTO `appointments` VALUES (28,3,'Trinh Luong','luong.trinh.yp464@gmail.com','0816260406',23,'21111111111111111','đau bụng quá','2025-02-10','morning','rejected','2025-02-13 02:22:04','2025-03-16 06:50:04'),(41,4,'Trinh Luong','a123@gmail.com','0816260406',22,'111111111111111','gggggggg','2025-03-10','morning','approved','2025-03-14 07:57:09','2025-03-14 08:06:08'),(42,8,'Trinh Luong','tauseed@test.com','0816260406',32,'111111111111111','Tôi bị viêm da','2025-03-27','morning','approved','2025-03-16 07:03:48','2025-03-16 07:03:48'),(43,18,'Phan Viết Anh Tuấn','sssssssssssssssssss@gmail.com','0816260406',23,'111111111111111','aaaaa','2025-03-19','morning','approved','2025-03-16 20:19:32','2025-03-16 20:19:32'),(44,18,'Trinh Luong','sdc@gmail.com','0816260406',23,'05555555555','dddddddd','2025-03-19','morning','approved','2025-03-16 20:20:22','2025-03-16 20:20:22'),(45,3,'Cô Nga','sdc@gmail.com','0816260406',23,'111111111111111','aaaaaaaaaa','2025-03-20','afternoon','approved','2025-03-16 20:25:31','2025-03-16 20:25:31'),(46,3,'Mai Thúy Nga','tauseed@test.com','0816260406',30,'111111111111111','gggggggggggg','2025-03-20','afternoon','approved','2025-03-16 21:26:47','2025-03-16 21:26:47'),(47,5,'Trương Long Khánh','sdc@gmail.com','0816260406',23,'05555555555','HAHAHA','2025-03-26','afternoon','approved','2025-03-21 02:49:07','2025-03-21 02:49:07'),(48,3,'Uchiha Madara','sdc@gmail.com','0816260406',50,'111111111111111','hjhjhjhj','2025-03-24','morning','approved','2025-03-21 03:03:40','2025-03-21 03:03:40'),(49,3,'Uchiha hahah','sdc@gmail.com','0123456789',50,'1111111111','hahahah','2025-03-24','morning','approved','2025-03-21 03:12:08','2025-03-21 03:12:08'),(50,3,'Uchiha Sasuke','sdc@gmail.com','0816260406',42,'05555555555','kkkkkkkkkkkkk','2025-03-31','morning','approved','2025-03-21 07:58:57','2025-03-21 07:58:57'),(51,4,'Ngọc Kem','aaa@gmail.com','0123456789',25,'1111111111','aaaaaaaaaaaaaaaaaaa','2025-03-27','morning','approved','2025-03-21 09:11:29','2025-03-21 09:11:29');
/*!40000 ALTER TABLE `appointments` ENABLE KEYS */;
UNLOCK TABLES;

--
-- Table structure for table `doctors`
--

DROP TABLE IF EXISTS `doctors`;
/*!40101 SET @saved_cs_client     = @@character_set_client */;
/*!50503 SET character_set_client = utf8mb4 */;
CREATE TABLE `doctors` (
  `id` bigint unsigned NOT NULL AUTO_INCREMENT,
  `name` varchar(255) CHARACTER SET utf8mb4 COLLATE utf8mb4_unicode_ci NOT NULL,
  `email` varchar(255) CHARACTER SET utf8mb4 COLLATE utf8mb4_unicode_ci NOT NULL,
  `password` varchar(255) CHARACTER SET utf8mb4 COLLATE utf8mb4_unicode_ci NOT NULL,
  `specialty` varchar(255) CHARACTER SET utf8mb4 COLLATE utf8mb4_unicode_ci NOT NULL,
  `phone` varchar(255) CHARACTER SET utf8mb4 COLLATE utf8mb4_unicode_ci NOT NULL,
  `bio` text CHARACTER SET utf8mb4 COLLATE utf8mb4_unicode_ci,
  `image` varchar(255) CHARACTER SET utf8mb4 COLLATE utf8mb4_unicode_ci DEFAULT NULL,
  `working_hours` json DEFAULT NULL,
  `created_at` timestamp NULL DEFAULT NULL,
  `updated_at` timestamp NULL DEFAULT NULL,
  PRIMARY KEY (`id`),
  UNIQUE KEY `doctors_email_unique` (`email`)
) ENGINE=InnoDB AUTO_INCREMENT=21 DEFAULT CHARSET=utf8mb4 COLLATE=utf8mb4_unicode_ci;
/*!40101 SET character_set_client = @saved_cs_client */;

--
-- Dumping data for table `doctors`
--

LOCK TABLES `doctors` WRITE;
/*!40000 ALTER TABLE `doctors` DISABLE KEYS */;
INSERT INTO `doctors` VALUES (3,'Nguyễn Văn B','b123@gmail.com','$2y$10$96Bq/HSrkL6ujXMx2/cXlecAo6qN2c.O51vtAZO8THS0BdebFYNX2','Điều trị viêm da','0816260406','Chữa viêm da cơ địa, viêm da dầu, viêm da tiếp xúc','img/1738864493_1736923416_b.jpg','[{\"day\": \"Monday\", \"shift\": \"afternoon\"}, {\"day\": \"Tuesday\", \"shift\": \"morning\"}, {\"day\": \"Wednesday\", \"shift\": \"morning\"}, {\"day\": \"Thursday\", \"shift\": \"afternoon\"}]','2025-02-06 10:54:54','2025-03-25 19:13:42'),(4,'Nguyễn Văn C','c123@gmail.com','$2y$10$H6nZPd9N0GQt4eOts0l1QuEhIe5QWjB6PsYNdsqt8DFXxm63kXNfa','Trị sẹo rỗ, sẹo lõm','0816260406','Phương pháp PRP, lăn kim, laser để tái tạo da','img/1739029484_1736923780_c.jpg','[{\"day\": \"Monday\", \"shift\": \"morning\"}, {\"day\": \"Tuesday\", \"shift\": \"morning\"}, {\"day\": \"Wednesday\", \"shift\": \"morning\"}, {\"day\": \"Thursday\", \"shift\": \"morning\"}]','2025-02-08 08:44:44','2025-03-16 03:12:51'),(5,'Nguyễn Thị D','d123@gmail.com','$2y$10$VEHPHYnhRAl6ZHDrCjH.Ge4ogr7xNvj7swIwo1HoCTLU8Y0TIQbiW','Điều trị mụn','0816260405','Chăm sóc da, điều trị mụn trứng cá, mụn bọc, mụn đầu đen','img/1739347643_doctor_02.jpg','[{\"day\": \"Wednesday\", \"shift\": \"afternoon\"}, {\"day\": \"Thursday\", \"shift\": \"afternoon\"}, {\"day\": \"Friday\", \"shift\": \"afternoon\"}, {\"day\": \"Saturday\", \"shift\": \"afternoon\"}]','2025-02-12 01:07:23','2025-03-16 03:16:21'),(7,'Nguyễn Thị E','e123@gmail.com','$2y$10$UMu20RbjbP96vc3.TZZZr.enQkTmH3YlbMuKrEm7a4VsYtyTXwxPS','Chăm sóc da','0816260406','Các liệu pháp làm sạch da, dưỡng ẩm, tái tạo da và chống lão hóa','uploads/1742091957_67d636b56bf26.jpg','[{\"day\": \"Wednesday\", \"shift\": \"morning\"}, {\"day\": \"Thursday\", \"shift\": \"morning\"}, {\"day\": \"Friday\", \"shift\": \"morning\"}, {\"day\": \"Saturday\", \"shift\": \"morning\"}]','2025-03-15 19:25:57','2025-03-16 03:18:09'),(9,'Trịnh Xuân F','f123@gmail.com','$2y$10$zO7Ao5rbMJTlqRvRfeKmmupkji8rbhbQ8w6gF8fU9WjKGAhYCF4Ma','Trị nám, tàn nhang','0816260406','Dùng laser hoặc phương pháp khác để làm mờ nám, tàn nhang','uploads/1742093733_67d63da55de31.jpg','[{\"day\": \"Tuesday\", \"shift\": \"afternoon\"}, {\"day\": \"Wednesday\", \"shift\": \"afternoon\"}, {\"day\": \"Thursday\", \"shift\": \"afternoon\"}, {\"day\": \"Friday\", \"shift\": \"afternoon\"}]','2025-03-15 19:55:33','2025-03-16 02:58:12'),(10,'Trần Xuân H','h123@gmail.com','$2y$10$k/BWizmH99f54HFBGnuSR.25gxWPf2KVbUl/uFg5rmQjiIO6E1F8W','Điều trị viêm da','0816260406','Chăm sóc da, điều trị mụn trứng cá, mụn bọc, mụn đầu đen','uploads/1742118320_67d69db0946ce.jpg','[{\"day\": \"Monday\", \"shift\": \"afternoon\"}, {\"day\": \"Tuesday\", \"shift\": \"afternoon\"}, {\"day\": \"Friday\", \"shift\": \"morning\"}, {\"day\": \"Saturday\", \"shift\": \"morning\"}]','2025-03-16 02:45:20','2025-03-16 03:11:12'),(11,'Lê Minh I','i123@gmail.com','$2y$10$rIun0GdCTbFFvS6YdvKaY.CF5OhKptE26D04UwS7sf7T1Zvnw5.R.','Điều trị mụn','0816260406','Chăm sóc da, điều trị mụn trứng cá, mụn bọc, mụn đầu đen','uploads/1742118379_67d69debbf795.jpg','[{\"day\": \"Monday\", \"shift\": \"morning\"}, {\"day\": \"Tuesday\", \"shift\": \"morning\"}, {\"day\": \"Wednesday\", \"shift\": \"morning\"}, {\"day\": \"Thursday\", \"shift\": \"morning\"}]','2025-03-16 02:46:19','2025-03-16 03:17:06'),(12,'Phan Văn J','j123@gmail.com','$2y$10$hpU.BK4z//R6GjbJStGAN.pqu9OaNZm7CEBF6NFRjQpt6Q2QRKzPe','Điều trị viêm da','0816260406','Chăm sóc da, điều trị mụn trứng cá, mụn bọc, mụn đầu đen','uploads/1742118482_67d69e5262ae6.jpg','[{\"day\": \"Wednesday\", \"shift\": \"afternoon\"}, {\"day\": \"Thursday\", \"shift\": \"morning\"}, {\"day\": \"Friday\", \"shift\": \"afternoon\"}, {\"day\": \"Saturday\", \"shift\": \"afternoon\"}]','2025-03-16 02:48:02','2025-03-16 03:12:19'),(13,'Lê Bá K','k123@gmail.com','$2y$10$wovdPYPcX2vDCOPIBFB/KOkmU5v/tWodsIehmYtV04xy3Vh8SQ0Sa','Trị sẹo rỗ, sẹo lõm','0816260406','Điều trị các loại sẹo sau mụn hoặc sẹo phẫu thuật bằng các phương pháp như laser, filler hoặc phẫu thuật.','uploads/1742118562_67d69ea2db6b2.jpg','[{\"day\": \"Monday\", \"shift\": \"afternoon\"}, {\"day\": \"Tuesday\", \"shift\": \"afternoon\"}, {\"day\": \"Friday\", \"shift\": \"morning\"}, {\"day\": \"Saturday\", \"shift\": \"morning\"}]','2025-03-16 02:49:23','2025-03-16 03:13:49'),(14,'Lê Văn L','l123@gmail.com','$2y$10$XP91y.MvxYPpb34dGiUShuA2J/KZA3mP6u7EOFYDweODzRuGzJpxq','Trị sẹo rỗ, sẹo lõm','0816260406','Điều trị các loại sẹo sau mụn hoặc sẹo phẫu thuật bằng các phương pháp như laser, filler hoặc phẫu thuật.','uploads/1742118667_67d69f0b1838b.jpg','[{\"day\": \"Friday\", \"shift\": \"afternoon\"}, {\"day\": \"Saturday\", \"shift\": \"afternoon\"}, {\"day\": \"Wednesday\", \"shift\": \"afternoon\"}, {\"day\": \"Thursday\", \"shift\": \"afternoon\"}]','2025-03-16 02:51:07','2025-03-16 03:15:41'),(15,'Trịnh Thị M','m123@gmail.com','$2y$10$vmeCJw6.TQEATpJF0Ldh5uDMn0TGZhYe3n7A469twH9sq9xENgyC6','Điều trị mụn','0816260406','Điều trị mụn trứng cá, mụn bọc, mụn đầu đen, mụn viêm bằng các phương pháp thuốc, laser, ánh sáng.','uploads/1742118788_67d69f84a8a70.jpg','[{\"day\": \"Monday\", \"shift\": \"afternoon\"}, {\"day\": \"Tuesday\", \"shift\": \"afternoon\"}, {\"day\": \"Friday\", \"shift\": \"morning\"}, {\"day\": \"Saturday\", \"shift\": \"morning\"}]','2025-03-16 02:53:08','2025-03-16 03:17:35'),(16,'Trương Thị N','n123@gmail.com','$2y$10$lSlgNly6MNzyYMycGZC7deSpSr03FFUZo6679bhgdqXLZj7wP.fse','Chăm sóc da','0816260406','Các liệu pháp làm sạch da, dưỡng ẩm, tái tạo da và chống lão hóa','uploads/1742118846_67d69fbebbc10.jpg','[{\"day\": \"Monday\", \"shift\": \"afternoon\"}, {\"day\": \"Tuesday\", \"shift\": \"afternoon\"}, {\"day\": \"Wednesday\", \"shift\": \"afternoon\"}, {\"day\": \"Thursday\", \"shift\": \"afternoon\"}]','2025-03-16 02:54:06','2025-03-16 03:18:29'),(17,'Lê Minh O','o123@gmail.com','$2y$10$d8pBRxV30WwFzkRljnSVOeo5DvD6XbHLRVcFsUwcTFQs9ZAg1DVFq','Chăm sóc da','0816260406','Các liệu pháp làm sạch da, dưỡng ẩm, tái tạo da và chống lão hóa','uploads/1742118885_67d69fe5c3890.jpg','[{\"day\": \"Monday\", \"shift\": \"morning\"}, {\"day\": \"Tuesday\", \"shift\": \"morning\"}, {\"day\": \"Friday\", \"shift\": \"afternoon\"}, {\"day\": \"Saturday\", \"shift\": \"afternoon\"}]','2025-03-16 02:54:45','2025-03-16 03:18:51'),(18,'Nguyễn Văn A','a123@gmail.com','$2y$10$9qLNjfeQoaT9axtw/8lcM.qxaUjlTvbvvjh8Bp2X0P9H7hKfA3p3.','Trị nám, tàn nhang','0816260406','Các liệu pháp làm sạch da, dưỡng ẩm, tái tạo da và chống lão hóa','uploads/1742139119_67d6eeefe6113.jpg','[{\"day\": \"Monday\", \"shift\": \"morning\"}, {\"day\": \"Tuesday\", \"shift\": \"morning\"}, {\"day\": \"Wednesday\", \"shift\": \"morning\"}, {\"day\": \"Thursday\", \"shift\": \"morning\"}]','2025-03-16 08:32:00','2025-03-16 08:32:00'),(20,'Trịnh Trần Phương G','g123@gmail.com','$2y$10$0nXLolBpNlw/2X7HQzHMYe3RdAcb4wYZxZABBKKV81uSqbTdX9zci','Trị nám, tàn nhang','0816260406','Dùng laser hoặc phương pháp khác để làm mờ nám, tàn nhang','uploads/1742139415_67d6f017707ef.jpg','[{\"day\": \"Monday\", \"shift\": \"afternoon\"}, {\"day\": \"Friday\", \"shift\": \"morning\"}, {\"day\": \"Saturday\", \"shift\": \"morning\"}, {\"day\": \"Saturday\", \"shift\": \"afternoon\"}]','2025-03-16 08:36:55','2025-03-16 08:51:27');
/*!40000 ALTER TABLE `doctors` ENABLE KEYS */;
UNLOCK TABLES;

--
-- Table structure for table `failed_jobs`
--

DROP TABLE IF EXISTS `failed_jobs`;
/*!40101 SET @saved_cs_client     = @@character_set_client */;
/*!50503 SET character_set_client = utf8mb4 */;
CREATE TABLE `failed_jobs` (
  `id` bigint unsigned NOT NULL AUTO_INCREMENT,
  `uuid` varchar(255) CHARACTER SET utf8mb4 COLLATE utf8mb4_unicode_ci NOT NULL,
  `connection` text CHARACTER SET utf8mb4 COLLATE utf8mb4_unicode_ci NOT NULL,
  `queue` text CHARACTER SET utf8mb4 COLLATE utf8mb4_unicode_ci NOT NULL,
  `payload` longtext CHARACTER SET utf8mb4 COLLATE utf8mb4_unicode_ci NOT NULL,
  `exception` longtext CHARACTER SET utf8mb4 COLLATE utf8mb4_unicode_ci NOT NULL,
  `failed_at` timestamp NOT NULL DEFAULT CURRENT_TIMESTAMP,
  PRIMARY KEY (`id`),
  UNIQUE KEY `failed_jobs_uuid_unique` (`uuid`)
) ENGINE=InnoDB DEFAULT CHARSET=utf8mb4 COLLATE=utf8mb4_unicode_ci;
/*!40101 SET character_set_client = @saved_cs_client */;

--
-- Dumping data for table `failed_jobs`
--

LOCK TABLES `failed_jobs` WRITE;
/*!40000 ALTER TABLE `failed_jobs` DISABLE KEYS */;
/*!40000 ALTER TABLE `failed_jobs` ENABLE KEYS */;
UNLOCK TABLES;

--
-- Table structure for table `invoices`
--

DROP TABLE IF EXISTS `invoices`;
/*!40101 SET @saved_cs_client     = @@character_set_client */;
/*!50503 SET character_set_client = utf8mb4 */;
CREATE TABLE `invoices` (
  `id` bigint unsigned NOT NULL AUTO_INCREMENT,
  `patient_name` varchar(255) CHARACTER SET utf8mb4 COLLATE utf8mb4_unicode_ci NOT NULL,
  `exam_date` date NOT NULL,
  `phone` varchar(255) CHARACTER SET utf8mb4 COLLATE utf8mb4_unicode_ci NOT NULL,
  `cost` bigint DEFAULT NULL,
  `invoice_date` date NOT NULL,
  `total_amount` decimal(10,2) NOT NULL,
  `services_medicines` text CHARACTER SET utf8mb4 COLLATE utf8mb4_unicode_ci,
  `status` enum('Đã thanh toán','Chưa thanh toán') CHARACTER SET utf8mb4 COLLATE utf8mb4_unicode_ci NOT NULL DEFAULT 'Chưa thanh toán',
  `medical_record_id` bigint unsigned NOT NULL,
  `created_at` timestamp NULL DEFAULT NULL,
  `updated_at` timestamp NULL DEFAULT NULL,
  PRIMARY KEY (`id`),
  KEY `invoices_medical_record_id_foreign` (`medical_record_id`),
  CONSTRAINT `invoices_medical_record_id_foreign` FOREIGN KEY (`medical_record_id`) REFERENCES `medical_records` (`id`) ON DELETE CASCADE
) ENGINE=InnoDB AUTO_INCREMENT=23 DEFAULT CHARSET=utf8mb4 COLLATE=utf8mb4_unicode_ci;
/*!40101 SET character_set_client = @saved_cs_client */;

--
-- Dumping data for table `invoices`
--

LOCK TABLES `invoices` WRITE;
/*!40000 ALTER TABLE `invoices` DISABLE KEYS */;
INSERT INTO `invoices` VALUES (21,'Trinh Luong','2025-03-19','0816260406',500000,'2025-03-16',500000.00,'Spa da, sửa mũi, lấy mụn đầu đen; 1 thuốc bổ','Đã thanh toán',19,'2025-03-16 06:59:32','2025-03-16 06:59:32'),(22,'Mai Thúy Nga','2025-03-20','0816260406',500000,'2025-03-17',900000.00,'Spa da, sửa mũi, lấy mụn đầu đen; 3 liều thuốc viêm da','Đã thanh toán',20,'2025-03-16 21:31:14','2025-03-23 03:21:29');
/*!40000 ALTER TABLE `invoices` ENABLE KEYS */;
UNLOCK TABLES;

--
-- Table structure for table `medical_records`
--

DROP TABLE IF EXISTS `medical_records`;
/*!40101 SET @saved_cs_client     = @@character_set_client */;
/*!50503 SET character_set_client = utf8mb4 */;
CREATE TABLE `medical_records` (
  `id` bigint unsigned NOT NULL AUTO_INCREMENT,
  `doctor_id` bigint unsigned NOT NULL,
  `name` varchar(255) CHARACTER SET utf8mb4 COLLATE utf8mb4_unicode_ci NOT NULL,
  `email` varchar(255) CHARACTER SET utf8mb4 COLLATE utf8mb4_unicode_ci NOT NULL,
  `phone` varchar(255) CHARACTER SET utf8mb4 COLLATE utf8mb4_unicode_ci NOT NULL,
  `age` int NOT NULL,
  `cccd` varchar(255) CHARACTER SET utf8mb4 COLLATE utf8mb4_unicode_ci NOT NULL,
  `service` varchar(255) CHARACTER SET utf8mb4 COLLATE utf8mb4_unicode_ci DEFAULT NULL,
  `exam_date` date NOT NULL,
  `cost` decimal(8,2) DEFAULT NULL,
  `status` enum('paid','unpaid') CHARACTER SET utf8mb4 COLLATE utf8mb4_unicode_ci NOT NULL DEFAULT 'unpaid',
  `diagnosis` text CHARACTER SET utf8mb4 COLLATE utf8mb4_unicode_ci NOT NULL,
  `prescription` text CHARACTER SET utf8mb4 COLLATE utf8mb4_unicode_ci,
  `notes` text CHARACTER SET utf8mb4 COLLATE utf8mb4_unicode_ci,
  `created_at` timestamp NULL DEFAULT NULL,
  `updated_at` timestamp NULL DEFAULT NULL,
  PRIMARY KEY (`id`)
) ENGINE=InnoDB AUTO_INCREMENT=21 DEFAULT CHARSET=utf8mb4 COLLATE=utf8mb4_unicode_ci;
/*!40101 SET character_set_client = @saved_cs_client */;

--
-- Dumping data for table `medical_records`
--

LOCK TABLES `medical_records` WRITE;
/*!40000 ALTER TABLE `medical_records` DISABLE KEYS */;
INSERT INTO `medical_records` VALUES (19,2,'Trinh Luong','tauseed@test.com','0816260406',34,'21111111111111111','Spa da, sửa mũi, lấy mụn đầu đen','2025-03-19',500000.00,'paid','viêm da','1 thuốc bổ','1 liều 1 ngày','2025-03-16 06:59:04','2025-03-16 06:59:04'),(20,3,'Mai Thúy Nga','tauseed@test.com','0816260406',30,'111111111111111','Spa da, sửa mũi, lấy mụn đầu đen','2025-03-20',500000.00,'unpaid','viêm da','3 liều thuốc viêm da','1 liều 1 ngày','2025-03-16 21:29:41','2025-03-16 21:29:41');
/*!40000 ALTER TABLE `medical_records` ENABLE KEYS */;
UNLOCK TABLES;

--
-- Table structure for table `medicines`
--

DROP TABLE IF EXISTS `medicines`;
/*!40101 SET @saved_cs_client     = @@character_set_client */;
/*!50503 SET character_set_client = utf8mb4 */;
CREATE TABLE `medicines` (
  `id` bigint unsigned NOT NULL AUTO_INCREMENT,
  `name` varchar(255) COLLATE utf8mb4_unicode_ci NOT NULL,
  `image` varchar(255) COLLATE utf8mb4_unicode_ci DEFAULT NULL,
  `description` text COLLATE utf8mb4_unicode_ci,
  `contraindications` text COLLATE utf8mb4_unicode_ci,
  `price` decimal(10,2) NOT NULL DEFAULT '0.00',
  `unit` varchar(255) COLLATE utf8mb4_unicode_ci DEFAULT NULL,
  `quantity` int unsigned NOT NULL DEFAULT '0',
  `created_at` timestamp NULL DEFAULT NULL,
  `updated_at` timestamp NULL DEFAULT NULL,
  PRIMARY KEY (`id`)
) ENGINE=InnoDB AUTO_INCREMENT=90 DEFAULT CHARSET=utf8mb4 COLLATE=utf8mb4_unicode_ci;
/*!40101 SET character_set_client = @saved_cs_client */;

--
-- Dumping data for table `medicines`
--

LOCK TABLES `medicines` WRITE;
/*!40000 ALTER TABLE `medicines` DISABLE KEYS */;
INSERT INTO `medicines` VALUES (1,'Paracetamol 500mg','images/paracetamol.jpg','Giảm đau hạ sốt','Không dùng cho người dị ứng paracetamol',1500000.00,'viên',5000,'2025-05-15 10:46:41','2025-05-27 21:29:05'),(2,'Vitamin C 500mg','images/vitamin-c.jpg','Tăng đề kháng, chống mệt mỏi','Dị ứng với vitamin C liều cao',20000.00,'viên',300,'2025-05-15 10:46:41','2025-05-15 10:46:41'),(3,'Aspirin 81mg','images/aspirin.jpg','Chống viêm, giảm đau','Loét dạ dày, xuất huyết',18000.00,'viên',200,'2025-05-15 10:46:41','2025-05-15 10:46:41'),(4,'Betamethasone','images/betamethasone.jpg','Thuốc bôi chống viêm da, giảm ngứa.','Town economic success number.',96301.96,'bottle',190,'2025-05-15 10:29:45','2025-05-15 10:29:45'),(5,'Clobetasol','images/clobetasol.jpg','Thuốc điều trị viêm da tiếp xúc mạnh.','Piece mother weight goal.',85882.68,'ml',346,'2025-05-15 10:29:45','2025-05-15 10:29:45'),(6,'Hydrocortisone','images/hydrocortisone.jpg','Giảm viêm nhẹ trong bệnh lý da liễu.','Image sport newspaper glass.',78544.15,'ml',175,'2025-05-15 10:29:45','2025-05-15 10:29:45'),(7,'Ketoconazole','images/ketoconazole.jpg','Thuốc chống nấm da, trị lang ben và hắc lào.','Pay music nature cup.',84717.30,'ml',195,'2025-05-15 10:29:45','2025-05-15 10:29:45'),(8,'Clotrimazole','images/clotrimazole.jpg','Điều trị nhiễm nấm ngoài da, nấm chân.','Senior seven range personal.',117142.52,'ml',172,'2025-05-15 10:29:45','2025-05-15 10:29:45'),(9,'Mupirocin','images/mupirocin.jpg','Thuốc kháng khuẩn bôi ngoài da.','Anything huge forget gun.',108701.78,'pack',335,'2025-05-15 10:29:45','2025-05-15 10:29:45'),(10,'Erythromycin','images/erythromycin.jpg','Thuốc kháng sinh điều trị mụn viêm.','Total throw before option.',149872.94,'pack',103,'2025-05-15 10:29:45','2025-05-15 10:29:45'),(11,'Tretinoin','images/tretinoin.jpg','Thuốc trị mụn trứng cá, làm khô nhân mụn.','Citizen season mother away.',92819.95,'pack',228,'2025-05-15 10:29:45','2025-05-15 10:29:45'),(12,'Adapalene','images/adapalene.jpg','Thuốc điều trị mụn đầu đen và mụn ẩn.','Shake few need factor.',132597.55,'tube',278,'2025-05-15 10:29:45','2025-05-15 10:29:45'),(13,'Isotretinoin','images/isotretinoin.jpg','Thuốc uống trị mụn nặng, giảm nhờn da.','Out individual herself card.',126779.45,'bottle',153,'2025-05-15 10:29:45','2025-05-15 10:29:45'),(14,'Metronidazole','images/metronidazole.jpg','Thuốc bôi điều trị viêm da và trứng cá đỏ.','Different factor skill again.',117269.88,'tube',239,'2025-05-15 10:29:45','2025-05-15 10:29:45'),(15,'Ciclopirox','images/ciclopirox.jpg','Thuốc trị nấm móng và da đầu.','Prove room show trial.',135172.26,'ml',406,'2025-05-15 10:29:45','2025-05-15 10:29:45'),(16,'Tacrolimus','images/tacrolimus.jpg','Thuốc ức chế miễn dịch dùng trong viêm da cơ địa.','Black rule concern very.',77511.42,'ml',368,'2025-05-15 10:29:45','2025-05-15 10:29:45'),(17,'Pimecrolimus','images/pimecrolimus.jpg','Điều trị viêm da dị ứng không steroid.','Guess contain baby question.',75047.12,'ml',182,'2025-05-15 10:29:45','2025-05-15 10:29:45'),(18,'Fusidic Acid','images/fusidic_acid.jpg','Kháng sinh dùng điều trị chốc lở, viêm da nhiễm trùng.','Pattern support voice prepare.',68860.87,'bottle',166,'2025-05-15 10:29:45','2025-05-15 10:29:45'),(19,'Salicylic Acid','images/salicylic_acid.jpg','Thuốc bạt sừng, trị mụn cóc, dày sừng.','Together protect her impact.',112994.63,'ml',315,'2025-05-15 10:29:45','2025-05-15 10:29:45'),(20,'Benzoyl Peroxide','images/benzoyl_peroxide.jpg','Trị mụn mủ, sát khuẩn nhẹ ngoài da.','Course eight wife remember.',88598.55,'tube',133,'2025-05-15 10:29:45','2025-05-15 10:29:45'),(21,'Azelaic Acid','images/azelaic_acid.jpg','Thuốc trị thâm, mụn và viêm đỏ.','Sell discuss direction successful.',102091.84,'tube',150,'2025-05-15 10:29:45','2025-05-15 10:29:45'),(22,'Urea Cream','images/urea_cream.jpg','Kem dưỡng mềm da trong viêm da cơ địa.','Institution today month wait.',147964.91,'ml',452,'2025-05-15 10:29:45','2025-05-15 10:29:45'),(23,'Coal Tar','images/coal_tar.jpg','Thuốc bôi trị vảy nến và viêm da dầu.','Brother truth quality cell.',120930.34,'tube',167,'2025-05-15 10:29:45','2025-05-15 10:29:45'),(24,'Betamethasone','images/betamethasone.jpg','Thuốc bôi chống viêm da, giảm ngứa.','Town economic success number.',96301.96,'bottle',190,'2025-05-15 10:29:45','2025-05-15 10:29:45'),(25,'Clobetasol','images/clobetasol.jpg','Thuốc điều trị viêm da tiếp xúc mạnh.','Piece mother weight goal.',85882.68,'ml',346,'2025-05-15 10:29:45','2025-05-15 10:29:45'),(26,'Hydrocortisone','images/hydrocortisone.jpg','Giảm viêm nhẹ trong bệnh lý da liễu.','Image sport newspaper glass.',78544.15,'ml',175,'2025-05-15 10:29:45','2025-05-15 10:29:45'),(27,'Ketoconazole','images/ketoconazole.jpg','Thuốc chống nấm da, trị lang ben và hắc lào.','Pay music nature cup.',84717.30,'ml',195,'2025-05-15 10:29:45','2025-05-15 10:29:45'),(28,'Clotrimazole','images/clotrimazole.jpg','Điều trị nhiễm nấm ngoài da, nấm chân.','Senior seven range personal.',117142.52,'ml',172,'2025-05-15 10:29:45','2025-05-15 10:29:45'),(29,'Mupirocin','images/mupirocin.jpg','Thuốc kháng khuẩn bôi ngoài da.','Anything huge forget gun.',108701.78,'pack',335,'2025-05-15 10:29:45','2025-05-15 10:29:45'),(30,'Erythromycin','images/erythromycin.jpg','Thuốc kháng sinh điều trị mụn viêm.','Total throw before option.',149872.94,'pack',103,'2025-05-15 10:29:45','2025-05-15 10:29:45'),(31,'Tretinoin','images/tretinoin.jpg','Thuốc trị mụn trứng cá, làm khô nhân mụn.','Citizen season mother away.',92819.95,'pack',228,'2025-05-15 10:29:45','2025-05-15 10:29:45'),(32,'Adapalene','images/adapalene.jpg','Thuốc điều trị mụn đầu đen và mụn ẩn.','Shake few need factor.',132597.55,'tube',278,'2025-05-15 10:29:45','2025-05-15 10:29:45'),(33,'Isotretinoin','images/isotretinoin.jpg','Thuốc uống trị mụn nặng, giảm nhờn da.','Out individual herself card.',126779.45,'bottle',153,'2025-05-15 10:29:45','2025-05-15 10:29:45'),(34,'Metronidazole','images/metronidazole.jpg','Thuốc bôi điều trị viêm da và trứng cá đỏ.','Different factor skill again.',117269.88,'tube',239,'2025-05-15 10:29:45','2025-05-15 10:29:45'),(35,'Ciclopirox','images/ciclopirox.jpg','Thuốc trị nấm móng và da đầu.','Prove room show trial.',135172.26,'ml',406,'2025-05-15 10:29:45','2025-05-15 10:29:45'),(36,'Tacrolimus','images/tacrolimus.jpg','Thuốc ức chế miễn dịch dùng trong viêm da cơ địa.','Black rule concern very.',77511.42,'ml',368,'2025-05-15 10:29:45','2025-05-15 10:29:45'),(37,'Pimecrolimus','images/pimecrolimus.jpg','Điều trị viêm da dị ứng không steroid.','Guess contain baby question.',75047.12,'ml',182,'2025-05-15 10:29:45','2025-05-15 10:29:45'),(38,'Fusidic Acid','images/fusidic_acid.jpg','Kháng sinh dùng điều trị chốc lở, viêm da nhiễm trùng.','Pattern support voice prepare.',68860.87,'bottle',166,'2025-05-15 10:29:45','2025-05-15 10:29:45'),(39,'Salicylic Acid','images/salicylic_acid.jpg','Thuốc bạt sừng, trị mụn cóc, dày sừng.','Together protect her impact.',112994.63,'ml',315,'2025-05-15 10:29:45','2025-05-15 10:29:45'),(40,'Benzoyl Peroxide','images/benzoyl_peroxide.jpg','Trị mụn mủ, sát khuẩn nhẹ ngoài da.','Course eight wife remember.',88598.55,'tube',133,'2025-05-15 10:29:45','2025-05-15 10:29:45'),(41,'Azelaic Acid','images/azelaic_acid.jpg','Thuốc trị thâm, mụn và viêm đỏ.','Sell discuss direction successful.',102091.84,'tube',150,'2025-05-15 10:29:45','2025-05-15 10:29:45'),(42,'Urea Cream','images/urea_cream.jpg','Kem dưỡng mềm da trong viêm da cơ địa.','Institution today month wait.',147964.91,'ml',452,'2025-05-15 10:29:45','2025-05-15 10:29:45'),(43,'Coal Tar','images/coal_tar.jpg','Thuốc bôi trị vảy nến và viêm da dầu.','Brother truth quality cell.',120930.34,'tube',167,'2025-05-15 10:29:45','2025-05-15 10:29:45'),(44,'Betamethasone','images/betamethasone.jpg','Thuốc bôi chống viêm da, giảm ngứa.','Town economic success number.',96301.96,'bottle',190,'2025-05-15 10:29:45','2025-05-15 10:29:45'),(45,'Clobetasol','images/clobetasol.jpg','Thuốc điều trị viêm da tiếp xúc mạnh.','Piece mother weight goal.',85882.68,'ml',346,'2025-05-15 10:29:45','2025-05-15 10:29:45'),(46,'Hydrocortisone','images/hydrocortisone.jpg','Giảm viêm nhẹ trong bệnh lý da liễu.','Image sport newspaper glass.',78544.15,'ml',175,'2025-05-15 10:29:45','2025-05-15 10:29:45'),(47,'Ketoconazole','images/ketoconazole.jpg','Thuốc chống nấm da, trị lang ben và hắc lào.','Pay music nature cup.',84717.30,'ml',195,'2025-05-15 10:29:45','2025-05-15 10:29:45'),(48,'Clotrimazole','images/clotrimazole.jpg','Điều trị nhiễm nấm ngoài da, nấm chân.','Senior seven range personal.',117142.52,'ml',172,'2025-05-15 10:29:45','2025-05-15 10:29:45'),(49,'Mupirocin','images/mupirocin.jpg','Thuốc kháng khuẩn bôi ngoài da.','Anything huge forget gun.',108701.78,'pack',335,'2025-05-15 10:29:45','2025-05-15 10:29:45'),(50,'Erythromycin','images/erythromycin.jpg','Thuốc kháng sinh điều trị mụn viêm.','Total throw before option.',149872.94,'pack',103,'2025-05-15 10:29:45','2025-05-15 10:29:45'),(51,'Tretinoin','images/tretinoin.jpg','Thuốc trị mụn trứng cá, làm khô nhân mụn.','Citizen season mother away.',92819.95,'pack',228,'2025-05-15 10:29:45','2025-05-15 10:29:45'),(52,'Adapalene','images/adapalene.jpg','Thuốc điều trị mụn đầu đen và mụn ẩn.','Shake few need factor.',132597.55,'tube',278,'2025-05-15 10:29:45','2025-05-15 10:29:45'),(53,'Isotretinoin','images/isotretinoin.jpg','Thuốc uống trị mụn nặng, giảm nhờn da.','Out individual herself card.',126779.45,'bottle',153,'2025-05-15 10:29:45','2025-05-15 10:29:45'),(54,'Metronidazole','images/metronidazole.jpg','Thuốc bôi điều trị viêm da và trứng cá đỏ.','Different factor skill again.',117269.88,'tube',239,'2025-05-15 10:29:45','2025-05-15 10:29:45'),(55,'Ciclopirox','images/ciclopirox.jpg','Thuốc trị nấm móng và da đầu.','Prove room show trial.',135172.26,'ml',406,'2025-05-15 10:29:45','2025-05-15 10:29:45'),(56,'Tacrolimus','images/tacrolimus.jpg','Thuốc ức chế miễn dịch dùng trong viêm da cơ địa.','Black rule concern very.',77511.42,'ml',368,'2025-05-15 10:29:45','2025-05-15 10:29:45'),(57,'Pimecrolimus','images/pimecrolimus.jpg','Điều trị viêm da dị ứng không steroid.','Guess contain baby question.',75047.12,'ml',182,'2025-05-15 10:29:45','2025-05-15 10:29:45'),(58,'Fusidic Acid','images/fusidic_acid.jpg','Kháng sinh dùng điều trị chốc lở, viêm da nhiễm trùng.','Pattern support voice prepare.',68860.87,'bottle',166,'2025-05-15 10:29:45','2025-05-15 10:29:45'),(59,'Salicylic Acid','images/salicylic_acid.jpg','Thuốc bạt sừng, trị mụn cóc, dày sừng.','Together protect her impact.',112994.63,'ml',315,'2025-05-15 10:29:45','2025-05-15 10:29:45'),(60,'Benzoyl Peroxide','images/benzoyl_peroxide.jpg','Trị mụn mủ, sát khuẩn nhẹ ngoài da.','Course eight wife remember.',88598.55,'tube',133,'2025-05-15 10:29:45','2025-05-15 10:29:45'),(61,'Azelaic Acid','images/azelaic_acid.jpg','Thuốc trị thâm, mụn và viêm đỏ.','Sell discuss direction successful.',102091.84,'tube',150,'2025-05-15 10:29:45','2025-05-15 10:29:45'),(62,'Urea Cream','images/urea_cream.jpg','Kem dưỡng mềm da trong viêm da cơ địa.','Institution today month wait.',147964.91,'ml',452,'2025-05-15 10:29:45','2025-05-15 10:29:45'),(63,'Coal Tar','images/coal_tar.jpg','Thuốc bôi trị vảy nến và viêm da dầu.','Brother truth quality cell.',120930.34,'tube',167,'2025-05-15 10:29:45','2025-05-15 10:29:45'),(64,'Betamethasone','images/betamethasone.jpg','Thuốc bôi chống viêm da, giảm ngứa.','Town economic success number.',96301.96,'bottle',190,'2025-05-15 10:29:45','2025-05-15 10:29:45'),(65,'Clobetasol','images/clobetasol.jpg','Thuốc điều trị viêm da tiếp xúc mạnh.','Piece mother weight goal.',85882.68,'ml',346,'2025-05-15 10:29:45','2025-05-15 10:29:45'),(66,'Hydrocortisone','images/hydrocortisone.jpg','Giảm viêm nhẹ trong bệnh lý da liễu.','Image sport newspaper glass.',78544.15,'ml',175,'2025-05-15 10:29:45','2025-05-15 10:29:45'),(67,'Ketoconazole','images/ketoconazole.jpg','Thuốc chống nấm da, trị lang ben và hắc lào.','Pay music nature cup.',84717.30,'ml',195,'2025-05-15 10:29:45','2025-05-15 10:29:45'),(68,'Clotrimazole','images/clotrimazole.jpg','Điều trị nhiễm nấm ngoài da, nấm chân.','Senior seven range personal.',117142.52,'ml',172,'2025-05-15 10:29:45','2025-05-15 10:29:45'),(69,'Mupirocin','images/mupirocin.jpg','Thuốc kháng khuẩn bôi ngoài da.','Anything huge forget gun.',108701.78,'pack',335,'2025-05-15 10:29:45','2025-05-15 10:29:45'),(70,'Erythromycin','images/erythromycin.jpg','Thuốc kháng sinh điều trị mụn viêm.','Total throw before option.',149872.94,'pack',103,'2025-05-15 10:29:45','2025-05-15 10:29:45'),(71,'Tretinoin','images/tretinoin.jpg','Thuốc trị mụn trứng cá, làm khô nhân mụn.','Citizen season mother away.',92819.95,'pack',228,'2025-05-15 10:29:45','2025-05-15 10:29:45'),(72,'Adapalene','images/adapalene.jpg','Thuốc điều trị mụn đầu đen và mụn ẩn.','Shake few need factor.',132597.55,'tube',278,'2025-05-15 10:29:45','2025-05-15 10:29:45'),(73,'Isotretinoin','images/isotretinoin.jpg','Thuốc uống trị mụn nặng, giảm nhờn da.','Out individual herself card.',126779.45,'bottle',153,'2025-05-15 10:29:45','2025-05-15 10:29:45'),(74,'Metronidazole','images/metronidazole.jpg','Thuốc bôi điều trị viêm da và trứng cá đỏ.','Different factor skill again.',117269.88,'tube',239,'2025-05-15 10:29:45','2025-05-15 10:29:45'),(75,'Ciclopirox','images/ciclopirox.jpg','Thuốc trị nấm móng và da đầu.','Prove room show trial.',135172.26,'ml',406,'2025-05-15 10:29:45','2025-05-15 10:29:45'),(76,'Tacrolimus','images/tacrolimus.jpg','Thuốc ức chế miễn dịch dùng trong viêm da cơ địa.','Black rule concern very.',77511.42,'ml',368,'2025-05-15 10:29:45','2025-05-15 10:29:45'),(77,'Pimecrolimus','images/pimecrolimus.jpg','Điều trị viêm da dị ứng không steroid.','Guess contain baby question.',75047.12,'ml',182,'2025-05-15 10:29:45','2025-05-15 10:29:45'),(78,'Fusidic Acid','images/fusidic_acid.jpg','Kháng sinh dùng điều trị chốc lở, viêm da nhiễm trùng.','Pattern support voice prepare.',68860.87,'bottle',166,'2025-05-15 10:29:45','2025-05-15 10:29:45'),(79,'Salicylic Acid','images/salicylic_acid.jpg','Thuốc bạt sừng, trị mụn cóc, dày sừng.','Together protect her impact.',112994.63,'ml',315,'2025-05-15 10:29:45','2025-05-15 10:29:45'),(80,'Benzoyl Peroxide','images/benzoyl_peroxide.jpg','Trị mụn mủ, sát khuẩn nhẹ ngoài da.','Course eight wife remember.',88598.55,'tube',133,'2025-05-15 10:29:45','2025-05-15 10:29:45'),(81,'Azelaic Acid','images/azelaic_acid.jpg','Thuốc trị thâm, mụn và viêm đỏ.','Sell discuss direction successful.',102091.84,'tube',150,'2025-05-15 10:29:45','2025-05-15 10:29:45'),(82,'Urea Cream','images/urea_cream.jpg','Kem dưỡng mềm da trong viêm da cơ địa.','Institution today month wait.',147964.91,'ml',452,'2025-05-15 10:29:45','2025-05-15 10:29:45'),(83,'Coal Tar','images/coal_tar.jpg','Thuốc bôi trị vảy nến và viêm da dầu.','Brother truth quality cell.',120930.34,'tube',167,'2025-05-15 10:29:45','2025-05-15 10:29:45'),(85,'Nguyễn Thị D','uploads/1748405083_p224190815.gif','ffffffffff','vvvvvvvvvvvv',29999999.00,'viên',30000,'2025-05-27 20:49:26','2025-05-27 21:21:54'),(89,'Long Khánh','uploads/1748405966_meme-tet-li-xi.webp','ssssssss','ssssssssssssss',2222.00,'viên',1222222,'2025-05-27 21:19:26','2025-05-27 21:20:08');
/*!40000 ALTER TABLE `medicines` ENABLE KEYS */;
UNLOCK TABLES;

--
-- Table structure for table `migrations`
--

DROP TABLE IF EXISTS `migrations`;
/*!40101 SET @saved_cs_client     = @@character_set_client */;
/*!50503 SET character_set_client = utf8mb4 */;
CREATE TABLE `migrations` (
  `id` int unsigned NOT NULL AUTO_INCREMENT,
  `migration` varchar(255) CHARACTER SET utf8mb4 COLLATE utf8mb4_unicode_ci NOT NULL,
  `batch` int NOT NULL,
  PRIMARY KEY (`id`)
) ENGINE=InnoDB AUTO_INCREMENT=16 DEFAULT CHARSET=utf8mb4 COLLATE=utf8mb4_unicode_ci;
/*!40101 SET character_set_client = @saved_cs_client */;

--
-- Dumping data for table `migrations`
--

LOCK TABLES `migrations` WRITE;
/*!40000 ALTER TABLE `migrations` DISABLE KEYS */;
INSERT INTO `migrations` VALUES (1,'2014_10_12_000000_create_users_table',1),(2,'2014_10_12_100000_create_password_resets_table',1),(3,'2019_08_19_000000_create_failed_jobs_table',1),(4,'2019_12_14_000001_create_personal_access_tokens_table',1),(5,'2025_01_02_021510_create_patients_table',1),(6,'2025_01_07_110150_create_doctors_table',2),(7,'2025_01_07_110304_create_appointments_table',2),(8,'2025_01_09_094158_add_role_to_users_table',3),(9,'2025_01_13_162036_create_appointments_table',4),(10,'2025_01_13_171749_create_appointments_table',5),(11,'2025_01_15_081912_create_supports_table',4),(12,'2025_02_15_072146_create_invoices_table',6),(13,'2025_02_15_091610_create_invoices_table',7),(14,'2025_02_19_063753_create_services_table',8),(15,'2025_05_15_104231_create_medicines_table',9);
/*!40000 ALTER TABLE `migrations` ENABLE KEYS */;
UNLOCK TABLES;

--
-- Table structure for table `password_resets`
--

DROP TABLE IF EXISTS `password_resets`;
/*!40101 SET @saved_cs_client     = @@character_set_client */;
/*!50503 SET character_set_client = utf8mb4 */;
CREATE TABLE `password_resets` (
  `email` varchar(255) CHARACTER SET utf8mb4 COLLATE utf8mb4_unicode_ci NOT NULL,
  `token` varchar(255) CHARACTER SET utf8mb4 COLLATE utf8mb4_unicode_ci NOT NULL,
  `created_at` timestamp NULL DEFAULT NULL,
  KEY `password_resets_email_index` (`email`)
) ENGINE=InnoDB DEFAULT CHARSET=utf8mb4 COLLATE=utf8mb4_unicode_ci;
/*!40101 SET character_set_client = @saved_cs_client */;

--
-- Dumping data for table `password_resets`
--

LOCK TABLES `password_resets` WRITE;
/*!40000 ALTER TABLE `password_resets` DISABLE KEYS */;
/*!40000 ALTER TABLE `password_resets` ENABLE KEYS */;
UNLOCK TABLES;

--
-- Table structure for table `patients`
--

DROP TABLE IF EXISTS `patients`;
/*!40101 SET @saved_cs_client     = @@character_set_client */;
/*!50503 SET character_set_client = utf8mb4 */;
CREATE TABLE `patients` (
  `id` bigint unsigned NOT NULL AUTO_INCREMENT,
  `name` varchar(255) CHARACTER SET utf8mb4 COLLATE utf8mb4_unicode_ci NOT NULL,
  `age` int NOT NULL,
  `gender` varchar(255) CHARACTER SET utf8mb4 COLLATE utf8mb4_unicode_ci NOT NULL,
  `phone` varchar(255) CHARACTER SET utf8mb4 COLLATE utf8mb4_unicode_ci NOT NULL,
  `address` varchar(255) CHARACTER SET utf8mb4 COLLATE utf8mb4_unicode_ci NOT NULL,
  `created_at` timestamp NULL DEFAULT NULL,
  `updated_at` timestamp NULL DEFAULT NULL,
  PRIMARY KEY (`id`)
) ENGINE=InnoDB DEFAULT CHARSET=utf8mb4 COLLATE=utf8mb4_unicode_ci;
/*!40101 SET character_set_client = @saved_cs_client */;

--
-- Dumping data for table `patients`
--

LOCK TABLES `patients` WRITE;
/*!40000 ALTER TABLE `patients` DISABLE KEYS */;
/*!40000 ALTER TABLE `patients` ENABLE KEYS */;
UNLOCK TABLES;

--
-- Table structure for table `personal_access_tokens`
--

DROP TABLE IF EXISTS `personal_access_tokens`;
/*!40101 SET @saved_cs_client     = @@character_set_client */;
/*!50503 SET character_set_client = utf8mb4 */;
CREATE TABLE `personal_access_tokens` (
  `id` bigint unsigned NOT NULL AUTO_INCREMENT,
  `tokenable_type` varchar(255) CHARACTER SET utf8mb4 COLLATE utf8mb4_unicode_ci NOT NULL,
  `tokenable_id` bigint unsigned NOT NULL,
  `name` varchar(255) CHARACTER SET utf8mb4 COLLATE utf8mb4_unicode_ci NOT NULL,
  `token` varchar(64) CHARACTER SET utf8mb4 COLLATE utf8mb4_unicode_ci NOT NULL,
  `abilities` text CHARACTER SET utf8mb4 COLLATE utf8mb4_unicode_ci,
  `last_used_at` timestamp NULL DEFAULT NULL,
  `created_at` timestamp NULL DEFAULT NULL,
  `updated_at` timestamp NULL DEFAULT NULL,
  PRIMARY KEY (`id`),
  UNIQUE KEY `personal_access_tokens_token_unique` (`token`),
  KEY `personal_access_tokens_tokenable_type_tokenable_id_index` (`tokenable_type`,`tokenable_id`)
) ENGINE=InnoDB DEFAULT CHARSET=utf8mb4 COLLATE=utf8mb4_unicode_ci;
/*!40101 SET character_set_client = @saved_cs_client */;

--
-- Dumping data for table `personal_access_tokens`
--

LOCK TABLES `personal_access_tokens` WRITE;
/*!40000 ALTER TABLE `personal_access_tokens` DISABLE KEYS */;
/*!40000 ALTER TABLE `personal_access_tokens` ENABLE KEYS */;
UNLOCK TABLES;

--
-- Table structure for table `services`
--

DROP TABLE IF EXISTS `services`;
/*!40101 SET @saved_cs_client     = @@character_set_client */;
/*!50503 SET character_set_client = utf8mb4 */;
CREATE TABLE `services` (
  `id` bigint unsigned NOT NULL AUTO_INCREMENT,
  `name` varchar(255) CHARACTER SET utf8mb4 COLLATE utf8mb4_unicode_ci NOT NULL,
  `image` varchar(255) CHARACTER SET utf8mb4 COLLATE utf8mb4_unicode_ci NOT NULL,
  `created_at` timestamp NULL DEFAULT NULL,
  `updated_at` timestamp NULL DEFAULT NULL,
  PRIMARY KEY (`id`)
) ENGINE=InnoDB AUTO_INCREMENT=10 DEFAULT CHARSET=utf8mb4 COLLATE=utf8mb4_unicode_ci;
/*!40101 SET character_set_client = @saved_cs_client */;

--
-- Dumping data for table `services`
--

LOCK TABLES `services` WRITE;
/*!40000 ALTER TABLE `services` DISABLE KEYS */;
INSERT INTO `services` VALUES (1,'Tiêm Filler xóa nhăn –  phương pháp trẻ hóa hiện đại','uploads/1739952584_67b591c864648.jpg','2025-02-19 01:09:44','2025-02-19 06:51:34'),(2,'Khám và điều trị các bệnh về Da liễuuuu','uploads/1739952593_67b591d1d48f9.jpg','2025-02-19 01:09:53','2025-03-16 06:51:43'),(3,'Điều trị nám – tàn nhang – bớt Ota – cafe','uploads/1739952608_67b591e0f0144.jpg','2025-02-19 01:10:08','2025-02-19 01:10:08'),(4,'Xóa xăm triệt để và không để lại sẹo','uploads/1739952617_67b591e9adb8c.jpg','2025-02-19 01:10:17','2025-02-19 01:10:17'),(5,'Điều trị triệt lông bằng công nghệ IPL','uploads/1739952626_67b591f291082.jpg','2025-02-19 01:10:26','2025-02-19 01:10:26'),(6,'Điều trị các loại sẹo (lồi, lõm, xấu.......)','uploads/1739952634_67b591face4df.jpg','2025-02-19 01:10:34','2025-03-16 20:17:29'),(7,'Điều trị Laser nốt ruồi – hạt cơm – u nhú','uploads/1739952641_67b59201ecd6f.jpg','2025-02-19 01:10:41','2025-02-19 01:10:41'),(8,'Phẫu thuật nốt ruồi – bớt bẩm sinh – các u da lành','uploads/1739952649_67b5920935632.jpg','2025-02-19 01:10:49','2025-03-14 07:53:35');
/*!40000 ALTER TABLE `services` ENABLE KEYS */;
UNLOCK TABLES;

--
-- Table structure for table `spa_appointments`
--

DROP TABLE IF EXISTS `spa_appointments`;
/*!40101 SET @saved_cs_client     = @@character_set_client */;
/*!50503 SET character_set_client = utf8mb4 */;
CREATE TABLE `spa_appointments` (
  `id` bigint unsigned NOT NULL AUTO_INCREMENT,
  `name` varchar(255) COLLATE utf8mb4_unicode_ci NOT NULL,
  `phone` varchar(20) COLLATE utf8mb4_unicode_ci NOT NULL,
  `service_id` bigint unsigned NOT NULL,
  `date` date NOT NULL,
  `time` time NOT NULL,
  `note` text COLLATE utf8mb4_unicode_ci,
  `created_at` timestamp NULL DEFAULT CURRENT_TIMESTAMP,
  `updated_at` timestamp NULL DEFAULT CURRENT_TIMESTAMP ON UPDATE CURRENT_TIMESTAMP,
  PRIMARY KEY (`id`),
  KEY `service_id` (`service_id`),
  CONSTRAINT `spa_appointments_ibfk_1` FOREIGN KEY (`service_id`) REFERENCES `spa_services` (`id`) ON DELETE CASCADE
) ENGINE=InnoDB AUTO_INCREMENT=5 DEFAULT CHARSET=utf8mb4 COLLATE=utf8mb4_unicode_ci;
/*!40101 SET character_set_client = @saved_cs_client */;

--
-- Dumping data for table `spa_appointments`
--

LOCK TABLES `spa_appointments` WRITE;
/*!40000 ALTER TABLE `spa_appointments` DISABLE KEYS */;
INSERT INTO `spa_appointments` VALUES (2,'Nguyễn Thị E','0816260405',15,'2025-06-18','22:03:00','xxxxxxx','2025-06-09 08:00:18','2025-06-09 08:00:18'),(3,'Nguyễn Văn B','0816260445',1,'2025-06-18','13:12:00','vvvvvvvvvv','2025-06-09 08:12:53','2025-06-11 10:36:33');
/*!40000 ALTER TABLE `spa_appointments` ENABLE KEYS */;
UNLOCK TABLES;

--
-- Table structure for table `spa_categories`
--

DROP TABLE IF EXISTS `spa_categories`;
/*!40101 SET @saved_cs_client     = @@character_set_client */;
/*!50503 SET character_set_client = utf8mb4 */;
CREATE TABLE `spa_categories` (
  `id` int unsigned NOT NULL AUTO_INCREMENT,
  `title` varchar(255) NOT NULL,
  `image` varchar(255) DEFAULT NULL,
  `created_at` timestamp NULL DEFAULT NULL,
  `updated_at` timestamp NULL DEFAULT NULL,
  PRIMARY KEY (`id`),
  UNIQUE KEY `title` (`title`)
) ENGINE=InnoDB AUTO_INCREMENT=6 DEFAULT CHARSET=utf8mb4 COLLATE=utf8mb4_0900_ai_ci;
/*!40101 SET character_set_client = @saved_cs_client */;

--
-- Dumping data for table `spa_categories`
--

LOCK TABLES `spa_categories` WRITE;
/*!40000 ALTER TABLE `spa_categories` DISABLE KEYS */;
INSERT INTO `spa_categories` VALUES (1,'MASSAGE','spa1.jpg','2025-06-06 17:19:21','2025-06-06 17:19:21'),(2,'FOOT CARE','spa2.jpg','2025-06-06 17:19:21','2025-06-06 17:19:21'),(3,'HAIR REMOVAL','spa3.jpg','2025-06-06 17:19:21','2025-06-06 17:19:21'),(4,'SKIN CARE','spa4.jpg','2025-06-06 17:19:21','2025-06-06 17:19:21'),(5,'BODY CARE','spa5.jpg','2025-06-06 17:19:21','2025-06-06 17:19:21');
/*!40000 ALTER TABLE `spa_categories` ENABLE KEYS */;
UNLOCK TABLES;

--
-- Table structure for table `spa_services`
--

DROP TABLE IF EXISTS `spa_services`;
/*!40101 SET @saved_cs_client     = @@character_set_client */;
/*!50503 SET character_set_client = utf8mb4 */;
CREATE TABLE `spa_services` (
  `id` bigint unsigned NOT NULL AUTO_INCREMENT,
  `category_id` int unsigned NOT NULL,
  `name` varchar(255) NOT NULL,
  `description` text,
  `created_at` timestamp NULL DEFAULT NULL,
  `updated_at` timestamp NULL DEFAULT NULL,
  PRIMARY KEY (`id`),
  KEY `category_id` (`category_id`),
  CONSTRAINT `spa_services_ibfk_1` FOREIGN KEY (`category_id`) REFERENCES `spa_categories` (`id`) ON DELETE CASCADE
) ENGINE=InnoDB AUTO_INCREMENT=52 DEFAULT CHARSET=utf8mb4 COLLATE=utf8mb4_0900_ai_ci;
/*!40101 SET character_set_client = @saved_cs_client */;

--
-- Dumping data for table `spa_services`
--

LOCK TABLES `spa_services` WRITE;
/*!40000 ALTER TABLE `spa_services` DISABLE KEYS */;
INSERT INTO `spa_services` VALUES (1,1,'Massage cổ vai gáy','Thư giãn vùng cổ, vai, gáy hiệu quảaaaaa.','2025-06-06 17:19:42','2025-06-12 03:24:38'),(2,1,'Massage tinh dầu','Thư giãn nhẹ nhàng với tinh dầu thiên nhiên.','2025-06-06 17:19:42','2025-06-06 17:19:42'),(3,1,'Massage đá nóngg','Kết hợp đá nóng giúp giãn cơ sâu.','2025-06-06 17:19:42','2025-06-12 03:41:56'),(4,1,'Massage trị liệu Nhật Bản','Kỹ thuật bấm huyệt phục hồi cơ thể.','2025-06-06 17:19:42','2025-06-06 17:19:42'),(5,1,'Massage đôi','Massage cặp đôi thư giãn cùng lúc.','2025-06-06 17:19:42','2025-06-06 17:19:42'),(6,1,'Massage cho mẹ bầu','Dành riêng cho phụ nữ mang thai.','2025-06-06 17:19:42','2025-06-06 17:19:42'),(7,1,'Massage thư giãn toàn thân','Liệu trình cơ bản toàn thân.','2025-06-06 17:19:42','2025-06-06 17:19:42'),(8,1,'Massage Thái truyền thống','Kéo giãn cơ giúp lưu thông khí huyết.','2025-06-06 17:19:42','2025-06-06 17:19:42'),(9,1,'Massage kết hợp đá muối','Đào thải độc tố và giảm stress.','2025-06-06 17:19:42','2025-06-06 17:19:42'),(10,1,'Massage Aroma','Liệu trình thư giãn chuyên sâu.','2025-06-06 17:19:42','2025-06-06 17:19:42'),(11,2,'Ngâm chân thảo mộc','Xả stress, giảm đau nhức chân.','2025-06-06 17:19:42','2025-06-06 17:19:42'),(12,2,'Tẩy tế bào chết chân','Làm sạch da chết vùng chân.','2025-06-06 17:19:42','2025-06-06 17:19:42'),(13,2,'Chà gót chân','Chăm sóc và làm mềm gót chân.','2025-06-06 17:19:42','2025-06-06 17:19:42'),(14,2,'Đắp paraffin','Giữ ẩm sâu cho da chân.','2025-06-06 17:19:42','2025-06-06 17:19:42'),(15,2,'Massage chân','Giảm đau nhức, cải thiện tuần hoàn.','2025-06-06 17:19:42','2025-06-06 17:19:42'),(16,2,'Chăm sóc móng chân','Vệ sinh, tạo dáng móng chân.','2025-06-06 17:19:42','2025-06-06 17:19:42'),(17,2,'Ngâm chân muối khoáng','Thư giãn và kháng viêm nhẹ.','2025-06-06 17:19:42','2025-06-06 17:19:42'),(18,2,'Cắt da chân','Loại bỏ da chết quanh móng.','2025-06-06 17:19:42','2025-06-06 17:19:42'),(19,2,'Combo foot detox','Xông thảo mộc và massage chân.','2025-06-06 17:19:42','2025-06-06 17:19:42'),(20,2,'Phục hồi da chân nứt nẻ','Trị nứt gót chân chuyên sâu.','2025-06-06 17:19:42','2025-06-06 17:19:42'),(21,3,'Triệt lông nách','Làm sạch lông vùng nách nhẹ nhàng.','2025-06-06 17:19:42','2025-06-06 17:19:42'),(22,3,'Triệt lông tay','Triệt nhẹ nhàng bằng công nghệ cao.','2025-06-06 17:19:42','2025-06-06 17:19:42'),(23,3,'Triệt lông chân','Triệt lông toàn chân hiệu quả.','2025-06-06 17:19:42','2025-06-06 17:19:42'),(24,3,'Triệt bikini','Làm sạch vùng kín kín đáo, hiệu quả.','2025-06-06 17:19:42','2025-06-06 17:19:42'),(25,3,'Triệt ria mép','Loại bỏ lông vùng mép.','2025-06-06 17:19:42','2025-06-06 17:19:42'),(26,3,'Triệt lông mặt','Cải thiện làn da mịn màng.','2025-06-06 17:19:42','2025-06-06 17:19:42'),(27,3,'Triệt bụng','Làm sáng da vùng bụng.','2025-06-06 17:19:42','2025-06-06 17:19:42'),(28,3,'Triệt lưng','Giúp lưng mịn màng và sạch sẽ.','2025-06-06 17:19:42','2025-06-06 17:19:42'),(29,3,'Triệt ngực','Dành cho nam giới.','2025-06-06 17:19:42','2025-06-06 17:19:42'),(30,3,'Triệt toàn thân','Giải pháp triệt toàn thân hoàn chỉnh.','2025-06-06 17:19:42','2025-06-06 17:19:42'),(31,4,'Cấy tinh chất HA','Cung cấp độ ẩm và làm mịn da.','2025-06-06 17:19:42','2025-06-06 17:19:42'),(32,4,'Điện di vitamin C','Giúp da sáng đều màu.','2025-06-06 17:19:42','2025-06-06 17:19:42'),(33,4,'Trị mụn chuyên sâu','Loại bỏ nhân mụn tận gốc.','2025-06-06 17:19:42','2025-06-06 17:19:42'),(34,4,'Tái sinh da PRP','Tái tạo da bằng huyết tương giàu tiểu cầu.','2025-06-06 17:19:42','2025-06-06 17:19:42'),(35,4,'Peel da hóa học','Tẩy tế bào chết chuyên sâu.','2025-06-06 17:19:42','2025-06-06 17:19:42'),(36,4,'Lăn kim collagen','Kích thích tái tạo da.','2025-06-06 17:19:42','2025-06-06 17:19:42'),(37,4,'Dưỡng trắng da mặt','Làm sáng và đều màu da.','2025-06-06 17:19:42','2025-06-06 17:19:42'),(38,4,'Xông hơi da mặt','Làm sạch sâu lỗ chân lông.','2025-06-06 17:19:42','2025-06-06 17:19:42'),(39,4,'Ủ mặt nạ thảo dược','Cấp ẩm và chống viêm.','2025-06-06 17:19:42','2025-06-06 17:19:42'),(40,4,'Liệu trình trẻ hóa da','Tăng độ đàn hồi và giảm nếp nhăn.','2025-06-06 17:19:42','2025-06-06 17:19:42'),(41,5,'Tắm trắng phi thuyền','Giúp da sáng và đều màu.','2025-06-06 17:19:42','2025-06-06 17:19:42'),(42,5,'Tắm thảo dược','Làm dịu da và thư giãn.','2025-06-06 17:19:42','2025-06-06 17:19:42'),(43,5,'Tẩy da chết body','Giúp da mềm mịn và sạch sẽ.','2025-06-06 17:19:42','2025-06-06 17:19:42'),(44,5,'Ủ trắng body','Cung cấp dưỡng chất làm trắng.','2025-06-06 17:19:42','2025-06-06 17:19:42'),(45,5,'Massage giảm mỡ bụng','Thon gọn vòng eo.','2025-06-06 17:19:42','2025-06-06 17:19:42'),(46,5,'Xông hơi toàn thân','Thải độc tố hiệu quả.','2025-06-06 17:19:42','2025-06-06 17:19:42'),(47,5,'Chăm sóc da lưng','Ngăn mụn và sẹo vùng lưng.','2025-06-06 17:19:42','2025-06-06 17:19:42'),(48,5,'Gội đầu thư giãn','Thư giãn da đầu và cổ.','2025-06-06 17:19:42','2025-06-06 17:19:42'),(49,5,'Combo body detox','Làm sạch sâu, hỗ trợ giảm mỡ.','2025-06-06 17:19:42','2025-06-06 17:19:42'),(50,5,'Liệu trình săn chắc da','Nâng cơ, làm săn da toàn thân.','2025-06-06 17:19:42','2025-06-06 17:19:42');
/*!40000 ALTER TABLE `spa_services` ENABLE KEYS */;
UNLOCK TABLES;

--
-- Table structure for table `supports`
--

DROP TABLE IF EXISTS `supports`;
/*!40101 SET @saved_cs_client     = @@character_set_client */;
/*!50503 SET character_set_client = utf8mb4 */;
CREATE TABLE `supports` (
  `id` bigint unsigned NOT NULL AUTO_INCREMENT,
  `name` varchar(255) NOT NULL,
  `age` int NOT NULL,
  `phone` varchar(20) NOT NULL,
  `email` varchar(255) NOT NULL,
  `message` text NOT NULL,
  `created_at` timestamp NULL DEFAULT CURRENT_TIMESTAMP,
  `updated_at` timestamp NULL DEFAULT CURRENT_TIMESTAMP ON UPDATE CURRENT_TIMESTAMP,
  PRIMARY KEY (`id`)
) ENGINE=InnoDB AUTO_INCREMENT=9 DEFAULT CHARSET=utf8mb4 COLLATE=utf8mb4_0900_ai_ci;
/*!40101 SET character_set_client = @saved_cs_client */;

--
-- Dumping data for table `supports`
--

LOCK TABLES `supports` WRITE;
/*!40000 ALTER TABLE `supports` DISABLE KEYS */;
INSERT INTO `supports` VALUES (1,'Trấn Thành',23,'0816260406','sssssssssssssssssss@gmail.com','sssssssssssssssssssss','2025-01-16 02:14:18','2025-01-16 02:14:18'),(2,'Trinh Luong',24,'0816260406','tauseed@test.com','22222222222222222222222','2025-01-16 02:44:25','2025-01-16 02:44:25'),(3,'aaaa',2333,'0816260406','a123@gmail.com','aaa','2025-01-16 02:54:53','2025-01-16 02:54:53'),(4,'Nguyễn Thị D',28,'0816260406','trickshotsvn@gmail.com','hhhhhhhhhhhhhhhhhhhh','2025-01-17 02:43:20','2025-01-17 02:43:20'),(5,'Nguyễn Thcus Thùy Tiên',23,'0816260406','luong.trinh.yp464@gmail.com','22222','2025-01-17 02:43:51','2025-01-17 02:43:51'),(6,'Trinh Phúc',32,'0816260406','trickshotsvn@gmail.com','Tôi mất FB','2025-02-06 10:52:59','2025-02-06 10:52:59'),(7,'Lê Dương Bảo Lâm',33,'0816260406','sdc@gmail.com','hahaahhaahha','2025-02-23 10:38:06','2025-02-23 10:38:06'),(8,'Trinh Luong',40,'0816260406','tauseed@test.com','Tôi muốn biết cách đặt lịch khám','2025-03-16 07:04:50','2025-03-16 07:04:50');
/*!40000 ALTER TABLE `supports` ENABLE KEYS */;
UNLOCK TABLES;

--
-- Table structure for table `users`
--

DROP TABLE IF EXISTS `users`;
/*!40101 SET @saved_cs_client     = @@character_set_client */;
/*!50503 SET character_set_client = utf8mb4 */;
CREATE TABLE `users` (
  `id` bigint unsigned NOT NULL AUTO_INCREMENT,
  `name` varchar(255) CHARACTER SET utf8mb4 COLLATE utf8mb4_unicode_ci NOT NULL,
  `email` varchar(255) CHARACTER SET utf8mb4 COLLATE utf8mb4_unicode_ci NOT NULL,
  `email_verified_at` timestamp NULL DEFAULT NULL,
  `password` varchar(255) CHARACTER SET utf8mb4 COLLATE utf8mb4_unicode_ci NOT NULL,
  `remember_token` varchar(100) CHARACTER SET utf8mb4 COLLATE utf8mb4_unicode_ci DEFAULT NULL,
  `created_at` timestamp NULL DEFAULT NULL,
  `updated_at` timestamp NULL DEFAULT NULL,
  `role` varchar(255) CHARACTER SET utf8mb4 COLLATE utf8mb4_unicode_ci NOT NULL DEFAULT 'admindoctor',
  PRIMARY KEY (`id`),
  UNIQUE KEY `users_email_unique` (`email`)
) ENGINE=InnoDB AUTO_INCREMENT=22 DEFAULT CHARSET=utf8mb4 COLLATE=utf8mb4_unicode_ci;
/*!40101 SET character_set_client = @saved_cs_client */;

--
-- Dumping data for table `users`
--

LOCK TABLES `users` WRITE;
/*!40000 ALTER TABLE `users` DISABLE KEYS */;
INSERT INTO `users` VALUES (1,'Trịnh Phúc Lương','admin@gmail.com','2025-01-09 17:00:00','$2y$10$jOzxFn.hoO0IN0DcOapisOpIpxTTYRocuY2MaWSGdwew5XBK9SQ6K','fLkwdsOJ5KfwGZNkYd0Mp1v5rsu4Bv5EuQEcaDGPRVmaIDV92ktBZ6HzPOD8','2025-01-09 17:00:00','2025-01-09 17:00:00','admin'),(3,'Nguyễn Văn B','b123@gmail.com',NULL,'$2y$10$AZ4GgbAdQqckRoSNirTVPugtdx/8LWgT7tprvTtH/v6z54SCgJnvG',NULL,'2025-02-06 10:54:54','2025-02-06 10:54:54','admindoctor'),(4,'Nguyễn Văn C','c123@gmail.com',NULL,'$2y$10$2iSNC1oUBoP3Eij64fAH4.7xCIRL7ZJyYrJ70ww/rNL7ExUamYYBq',NULL,'2025-02-08 08:44:44','2025-02-08 08:44:44','admindoctor'),(5,'Nguyễn Thị D','d123@gmail.com',NULL,'$2y$10$O8lxVqKyCGnrV8TCl2nr1./4gYW0fzTGHW1/FRclknbMclhFugLs2',NULL,'2025-02-12 01:07:23','2025-03-15 19:22:00','admindoctor'),(8,'Nguyễn Thị E','e123@gmail.com',NULL,'$2y$10$vmV4wq3Ga9dUxHgAWEcebe1nLFTQbp3s/croU8wnwfPuSGGhRm5n6',NULL,'2025-03-15 19:25:57','2025-03-15 19:25:57','admindoctor'),(10,'Trịnh Xuân F','f123@gmail.com',NULL,'$2y$10$UV1shhu2BSiTRcuejwum1.FEc3qLP7lZRTBd9.MuzWCFeYBFNx6XW',NULL,'2025-03-15 19:55:33','2025-03-15 19:55:33','admindoctor'),(11,'Trần Xuân H','h123@gmail.com',NULL,'$2y$10$MlKK63IPArCMQrkBWfcCw.eUGtU5aNdEM6r3B1SW5bxCV5wzyz/UK',NULL,'2025-03-16 02:45:20','2025-03-16 02:45:20','admindoctor'),(12,'Lê Minh I','i123@gmail.com',NULL,'$2y$10$zYFpN1MoEJAWz3AhMRnLZ.FRba4ciKpGc7NTMsksGijlaEV1Bmzz6',NULL,'2025-03-16 02:46:19','2025-03-16 02:46:19','admindoctor'),(13,'Phan Văn J','j123@gmail.com',NULL,'$2y$10$SssZL7QUVJvLnzj2NtrKAu6X2bO.Zgc1X8b847pSUlWw7bf2P6wTW',NULL,'2025-03-16 02:48:02','2025-03-16 02:48:02','admindoctor'),(14,'Lê Bá K','k123@gmail.com',NULL,'$2y$10$L50Bq2w/MUb5K0CoCZULy.KEYthpHmcHuDiOIuQhakbUHo6kaFoqm',NULL,'2025-03-16 02:49:23','2025-03-16 02:49:23','admindoctor'),(15,'Lê Văn L','l123@gmail.com',NULL,'$2y$10$Hhwqdl/yhJbarmdzYICcq.TihtN90WNimAVLbE7FNvChUy00s0Y5O',NULL,'2025-03-16 02:51:07','2025-03-16 02:51:07','admindoctor'),(16,'Trịnh Thị M','m123@gmail.com',NULL,'$2y$10$D/X0CocicsS5B.QV99.AdOcfIelz2dDiZ6CIuxVsIHaE4Eu.D7iAi',NULL,'2025-03-16 02:53:08','2025-03-16 02:53:08','admindoctor'),(17,'Trương Thị N','n123@gmail.com',NULL,'$2y$10$PFXXr31h8PIAAIm6FH5JT.I.4i2ktcMYGOnKKokNXMV1Dc3mmCJ6e',NULL,'2025-03-16 02:54:06','2025-03-16 02:54:06','admindoctor'),(18,'Lê Minh O','o123@gmail.com',NULL,'$2y$10$o244GcUZlPQnF/xlwDD4gOMaeoQtscxK3EKpvnIP256EKI7URPqfy',NULL,'2025-03-16 02:54:45','2025-03-16 02:54:45','admindoctor'),(19,'Nguyễn Văn A','a123@gmail.com',NULL,'$2y$10$geDKNEd5s1wR1zIbBQqXSe/UkkPw3ScvYXbq92n2GA4dMGvW5mkhW',NULL,'2025-03-16 08:32:00','2025-03-16 08:32:00','admindoctor'),(21,'Trịnh Trần Phương G','g123@gmail.com',NULL,'$2y$10$INpzunu3PFwZRHPasBW6duwtNWbKak7SMiaaTmfZV0sZJw8tw7Ivm',NULL,'2025-03-16 08:36:55','2025-03-16 08:36:55','admindoctor');
/*!40000 ALTER TABLE `users` ENABLE KEYS */;
UNLOCK TABLES;

--
-- Dumping routines for database 'laravel'
--
/*!40103 SET TIME_ZONE=@OLD_TIME_ZONE */;

/*!40101 SET SQL_MODE=@OLD_SQL_MODE */;
/*!40014 SET FOREIGN_KEY_CHECKS=@OLD_FOREIGN_KEY_CHECKS */;
/*!40014 SET UNIQUE_CHECKS=@OLD_UNIQUE_CHECKS */;
/*!40101 SET CHARACTER_SET_CLIENT=@OLD_CHARACTER_SET_CLIENT */;
/*!40101 SET CHARACTER_SET_RESULTS=@OLD_CHARACTER_SET_RESULTS */;
/*!40101 SET COLLATION_CONNECTION=@OLD_COLLATION_CONNECTION */;
/*!40111 SET SQL_NOTES=@OLD_SQL_NOTES */;

-- Dump completed on 2025-06-12 18:02:51
